timestamp,chassis_no,status,error
2026-06-08 13:42:51,MAT500057T1D13352,SUCCESS,
2026-06-08 13:42:55,MAT503113TAD11531,SUCCESS,
2026-06-08 13:42:58,MAT503113TAD11535,SUCCESS,
2026-06-08 13:43:03,MAT558053TVD24930,SUCCESS,
2026-06-08 13:43:07,MAT558057TVB10350,SUCCESS,
2026-06-08 13:43:11,MAT563011M7C05715,SUCCESS,
2026-06-08 13:43:16,MAT563107T5A03582,SUCCESS,
2026-06-08 13:43:21,MAT565011S5B04935,FAILED,No ticket found for chassis MAT565011S5B04935
2026-06-08 13:44:37,MAT566136T1D12368,SUCCESS,
2026-06-08 13:44:42,MAT566235T1E14180,SUCCESS,
2026-06-08 13:44:44,MAT567105TAD12513,SUCCESS,
2026-06-08 13:44:46,MAT570101T1D11916,SUCCESS,
2026-06-08 13:44:49,MAT570101T1E14142,SUCCESS,
2026-06-08 13:44:51,MAT570101T1E14155,SUCCESS,
2026-06-08 13:44:54,MAT767255M5C04846,SUCCESS,
2026-06-08 13:44:56,MAT767510T7D11718,SUCCESS,
2026-06-08 13:44:58,MAT777306R1P34995,SUCCESS,
2026-06-08 13:45:00,MAT783066R1G20212,SUCCESS,
2026-06-08 13:45:01,MAT789073S5P23288,SUCCESS,
2026-06-08 13:45:03,MAT789073T5A01688,SUCCESS,
2026-06-08 13:45:04,MAT789073T5B04679,SUCCESS,
2026-06-08 13:45:07,MAT789073T5B04832,SUCCESS,
2026-06-08 13:45:09,MAT789073T5B04844,SUCCESS,
2026-06-08 13:45:11,MAT789073T5B04850,SUCCESS,
2026-06-08 13:45:13,MAT789073T5B04962,SUCCESS,
2026-06-08 13:45:15,MAT789073T5B04970,SUCCESS,
2026-06-08 13:45:18,MAT789073T5B04982,SUCCESS,
2026-06-08 13:45:21,MAT789073T5C08157,SUCCESS,
2026-06-08 13:45:23,MAT789073T5C08159,SUCCESS,
2026-06-08 13:45:26,MAT789073T5C08287,SUCCESS,
2026-06-08 13:45:29,MAT789073T5C08300,SUCCESS,
2026-06-08 13:45:34,MAT789073TMB00361,SUCCESS,
2026-06-08 13:45:37,MAT789073TMB00367,SUCCESS,
2026-06-08 13:45:40,MAT789073TMB00391,SUCCESS,
2026-06-08 13:45:43,MAT789073TMB00403,SUCCESS,
2026-06-08 13:45:46,MAT789073TMB00445,SUCCESS,
2026-06-08 13:45:49,MAT789073TMB00447,SUCCESS,
2026-06-08 13:45:52,MAT789073TMC00449,SUCCESS,
2026-06-08 13:45:56,MAT789073TMC00471,SUCCESS,
2026-06-08 13:45:58,MAT789073TMC00474,SUCCESS,
2026-06-08 13:46:01,MAT789073TMC00538,SUCCESS,
2026-06-08 13:46:03,MAT789073TMC00557,SUCCESS,
2026-06-08 13:46:06,MAT789073TMC00560,SUCCESS,
2026-06-08 13:46:09,MAT789073TMC00563,SUCCESS,
2026-06-08 13:46:13,MAT789073TMC00567,SUCCESS,
2026-06-08 13:46:18,MAT789073TMC00571,SUCCESS,
2026-06-08 13:46:21,MAT789073TMC00573,SUCCESS,
2026-06-08 13:46:23,MAT789073TMC00574,SUCCESS,
2026-06-08 13:46:27,MAT789073TMC00577,SUCCESS,
2026-06-08 13:46:30,MAT789073TMC00579,SUCCESS,
2026-06-08 13:46:33,MAT789073TMC00580,SUCCESS,
2026-06-08 13:46:36,MAT789073TMD00663,SUCCESS,
2026-06-08 13:46:40,MAT789073TMD00664,SUCCESS,
2026-06-08 13:46:43,MAT789073TMD00665,SUCCESS,
2026-06-08 13:46:46,MAT789073TMD00666,SUCCESS,
2026-06-08 13:47:00,MAT790005M1A01531,SUCCESS,
2026-06-08 13:47:55,MAT790005MAA01060,SUCCESS,
2026-06-08 13:48:17,MAT790205N7C06590,SUCCESS,
2026-06-08 13:48:54,MAT799010M1B03167,SUCCESS,
2026-06-08 13:48:57,MAT808020N3D12887,SUCCESS,
2026-06-08 13:49:03,MAT810002M5C03703,SUCCESS,
2026-06-08 13:49:06,MAT810026S8C06443,SUCCESS,
2026-06-08 13:49:09,MAT812023M5C04254,SUCCESS,
2026-06-08 13:49:11,MAT812023N5A01232,SUCCESS,
2026-06-08 13:49:14,MAT812025N5A00501,SUCCESS,
2026-06-08 13:49:16,MAT812028N5A00527,SUCCESS,
2026-06-08 13:49:19,MAT812028PAB02486,SUCCESS,
2026-06-08 13:49:21,MAT812067S5A02562,SUCCESS,
2026-06-08 13:49:24,MAT812077R5N18664,SUCCESS,
2026-06-08 13:49:27,MAT812089T5D11350,SUCCESS,
2026-06-08 13:49:31,MAT820003M1B05491,SUCCESS,
2026-06-08 13:49:34,MAT820006N1C08835,SUCCESS,
2026-06-08 13:49:37,MAT828025PAA01683,SUCCESS,
2026-06-08 13:49:40,MAT828113S2C04968,SUCCESS,
2026-06-08 13:49:43,MAT828126TAD10693,SUCCESS,
2026-06-08 13:49:46,MAT828126TAD10711,SUCCESS,
2026-06-08 13:49:48,MAT828126TAD10719,SUCCESS,
2026-06-08 13:49:51,MAT828126TAD10783,SUCCESS,
2026-06-08 13:49:53,MAT828126TAD10789,SUCCESS,
2026-06-08 13:49:56,MAT828126TAD10795,SUCCESS,
2026-06-08 13:49:58,MAT828126TAD11109,SUCCESS,
2026-06-08 13:50:01,MAT838001R1A01625,SUCCESS,
2026-06-08 13:50:04,MAT843007P5B03009,SUCCESS,
2026-06-08 13:50:06,MAT843015PAK13447,SUCCESS,
2026-06-08 13:50:10,MAT843201S7D07041,SUCCESS,
2026-06-08 13:50:13,MAT843204S7C05063,SUCCESS,
2026-06-08 13:50:17,MAT843207R7C04878,SUCCESS,
2026-06-08 13:50:20,MAT847020T5D11893,SUCCESS,
2026-06-08 14:25:19,MAT820003N1K30465,SUCCESS,
2026-06-08 14:49:27,MAT820003N1K30465,SUCCESS,
2026-06-08 14:57:10,MAT566013S1B06973,FAILED,No ticket found for chassis MAT566013S1B06973
2026-06-08 14:57:12,MAT805025T5C09577,SUCCESS,
2026-06-08 14:57:13,MAT566011P1D10749,SUCCESS,
2026-06-08 14:57:15,MAT791008S5J17933,SUCCESS,
2026-06-08 14:57:16,MAT555313T8C05746,SUCCESS,
2026-06-08 14:57:18,MAT793015P5K11940,SUCCESS,
2026-06-08 14:57:19,MAT566234T1D12472,SUCCESS,
2026-06-08 14:57:21,MAT566242T1C09327,SUCCESS,
2026-06-08 14:57:22,MAT566240T3C08527,SUCCESS,
2026-06-08 14:57:24,MAT566240T3C10050,SUCCESS,
2026-06-08 14:57:25,MAT566013S1F17418,SUCCESS,
2026-06-08 14:57:27,MAT847020T7D10115,SUCCESS,
2026-06-08 14:57:28,MAT555081T8A00488,SUCCESS,
2026-06-08 14:57:30,MAT843323T7E13592,SUCCESS,
2026-06-08 14:59:36,MAT466422E5D03374,FAILED,No ticket found for chassis MAT466422E5D03374
2026-06-08 14:59:40,MAT466422E5D03445,FAILED,No ticket found for chassis MAT466422E5D03445
2026-06-08 14:59:55,MAT500066T1E15106,SUCCESS,
2026-06-08 14:59:59,MAT541189K1E10862,FAILED,No ticket found for chassis MAT541189K1E10862
2026-06-08 15:00:01,MAT558057TVE29038,FAILED,"POST /api/crm/saveTicketStage failed (HTTP 500): {'message': 'Previous activity Stage 1 || FOTA / OTA Activities || GSM Network Availability must be completed first.', 'status': False}"
2026-06-08 15:00:05,MAT565011S5B04935,FAILED,No ticket found for chassis MAT565011S5B04935
2026-06-08 15:00:10,MAT566013P1D11945,SUCCESS,
2026-06-08 15:00:14,MAT566025R1C08301,FAILED,No ticket found for chassis MAT566025R1C08301
2026-06-08 15:00:16,MAT569059TAD12815,SUCCESS,
2026-06-08 15:00:19,MAT783067R1D11324,SUCCESS,
2026-06-08 15:00:22,MAT783067R1D11363,SUCCESS,
2026-06-08 15:00:25,MAT783067R1D11699,SUCCESS,
2026-06-08 15:00:27,MAT783067R1D11714,SUCCESS,
2026-06-08 15:00:32,MAT789060S5N22285,FAILED,No ticket found for chassis MAT789060S5N22285
2026-06-08 15:00:45,MAT789073T5B04658,SUCCESS,
2026-06-08 15:00:50,MAT789073T5C08166,FAILED,No ticket found for chassis MAT789073T5C08166
2026-06-08 15:00:58,MAT789073TMB00432,SUCCESS,
2026-06-08 15:01:01,MAT805023TFD05500,SUCCESS,
2026-06-08 15:01:04,MAT834052T2A02040,SUCCESS,
2026-06-08 15:01:08,MAT843323T7D11078,SUCCESS,
2026-06-08 15:18:15,MAT513060T5D10979,SUCCESS,
2026-06-08 15:18:19,MAT513060T5D11092,SUCCESS,
2026-06-08 15:18:22,MAT513060T5D11094,SUCCESS,
2026-06-08 15:18:26,MAT513060T5D11095,SUCCESS,
2026-06-08 15:18:45,MAT513060T5D11096,SUCCESS,
2026-06-08 15:19:01,MAT557109TUD02134,SUCCESS,
2026-06-08 15:19:03,MAT558005TVD19950,SUCCESS,
2026-06-08 15:19:05,MAT558005TVE26145,SUCCESS,
2026-06-08 15:19:07,MAT558018TVD25297,SUCCESS,
2026-06-08 15:20:12,MAT566144T1D11879,SUCCESS,
2026-06-08 15:20:15,MAT797075T1C10423,SUCCESS,
2026-06-08 15:20:18,MAT802301R2F10595,SUCCESS,
2026-06-08 15:20:22,MAT805025T5E12135,SUCCESS,
2026-06-08 15:20:26,MAT805025TFD05184,SUCCESS,
2026-06-08 15:20:44,MAT805025TFD05214,SUCCESS,
2026-06-08 15:20:59,MAT805025TFE06886,SUCCESS,
2026-06-08 15:21:03,MAT843318T7E13570,SUCCESS,
2026-06-08 16:04:19,MAT513356T5A00228,SUCCESS,
2026-06-08 16:04:21,MAT513356T5B03880,SUCCESS,
2026-06-08 16:04:24,MAT558010TVD23887,SUCCESS,
2026-06-08 16:04:26,MAT566144T1C10276,SUCCESS,
2026-06-08 16:04:27,MAT566144T1C10402,SUCCESS,
2026-06-08 16:04:30,MAT566227T1D11755,SUCCESS,
2026-06-08 16:04:32,MAT566234T1D11173,SUCCESS,
2026-06-08 16:04:33,MAT784059T5A02590,SUCCESS,
2026-06-08 16:04:35,MAT784202TFA00485,SUCCESS,
2026-06-08 16:04:37,MAT784202TFA00596,SUCCESS,
2026-06-08 16:04:38,MAT817007TFA00072,SUCCESS,
2026-06-08 16:08:22,MAT513061TFB02720,SUCCESS,
2026-06-08 16:08:25,MAT513061TFC03989,SUCCESS,
2026-06-08 16:08:28,MAT557076TUD02045,SUCCESS,
2026-06-08 16:08:30,MAT805023TFB02273,SUCCESS,
2026-06-08 16:08:32,MAT828126TAD10496,SUCCESS,
2026-06-08 17:05:32,MAT558010TVC13122,SUCCESS,
2026-06-08 17:05:36,MAT570101T1C10658,SUCCESS,
2026-06-08 17:27:03,MAT513061TFD05779,SUCCESS,
2026-06-08 17:27:08,MAT513061TFE06622,SUCCESS,
2026-06-08 17:27:12,MAT513354NFE03393,SUCCESS,
2026-06-08 17:27:15,MAT513354NFE03568,SUCCESS,
2026-06-08 17:27:17,MAT513354NFE03686,SUCCESS,
2026-06-08 17:27:20,MAT513354NFE04510,SUCCESS,
2026-06-08 17:27:22,MAT513354NFE04515,SUCCESS,
2026-06-08 17:27:24,MAT513354NFF04629,SUCCESS,
2026-06-08 17:27:26,MAT555083S8J18824,SUCCESS,
2026-06-08 17:27:29,MAT557056PUE02593,SUCCESS,
2026-06-08 17:27:31,MAT557072TUA00131,SUCCESS,
2026-06-08 17:27:33,MAT557072TUE03052,SUCCESS,
2026-06-08 17:27:36,MAT557076RUC01407,SUCCESS,
2026-06-08 17:27:39,MAT557076RUC01414,SUCCESS,
2026-06-08 17:27:44,MAT558010TVB12080,SUCCESS,
2026-06-08 17:27:48,MAT558010TVB12092,SUCCESS,
2026-06-08 17:27:52,MAT558017TVB10905,SUCCESS,
2026-06-08 17:27:55,MAT558053TVD24303,SUCCESS,
2026-06-08 17:27:59,MAT566025S1E14513,SUCCESS,
2026-06-08 17:28:03,MAT566136T1C10218,SUCCESS,
2026-06-08 17:28:05,MAT566139T1C08624,SUCCESS,
2026-06-08 17:28:07,MAT566139T1C09774,SUCCESS,
2026-06-08 17:28:11,MAT570025T1D13464,SUCCESS,
2026-06-08 17:28:14,MAT777031P1N33839,SUCCESS,
2026-06-08 17:28:18,MAT777032S1D11995,SUCCESS,
2026-06-08 17:28:22,MAT777032S1D12191,SUCCESS,
2026-06-08 17:28:26,MAT784056NFA00019,SUCCESS,
2026-06-08 17:28:30,MAT784059TFA01042,SUCCESS,
2026-06-08 17:28:32,MAT785009R7P21000,SUCCESS,
2026-06-08 17:28:35,MAT785054T7C09571,SUCCESS,
2026-06-08 17:28:37,MAT785058T7D10719,SUCCESS,
2026-06-08 17:28:41,MAT785058T7D10936,SUCCESS,
2026-06-08 17:28:45,MAT790313T7E13815,SUCCESS,
2026-06-08 17:28:48,MAT797306T1D11691,SUCCESS,
2026-06-08 17:28:52,MAT797306T1D11875,SUCCESS,
2026-06-08 17:28:55,MAT797306T1D11876,SUCCESS,
2026-06-08 17:28:57,MAT797308T1D11974,SUCCESS,
2026-06-08 17:29:00,MAT797308T1D12185,SUCCESS,
2026-06-08 17:29:04,MAT805012NFE04109,SUCCESS,
2026-06-08 17:29:08,MAT805012NFE04252,SUCCESS,
2026-06-08 17:29:12,MAT805012NFE04263,SUCCESS,
2026-06-08 17:29:16,MAT805023RFD05819,SUCCESS,
2026-06-08 17:29:20,MAT805023TFE07117,SUCCESS,
2026-06-08 17:29:23,MAT805025T5B06016,SUCCESS,
2026-06-08 17:29:26,MAT805025T5D10170,SUCCESS,
2026-06-08 17:29:29,MAT817007TFD05136,SUCCESS,
2026-06-08 17:29:33,MAT817007TFE06877,SUCCESS,
2026-06-08 17:29:38,MAT824006TFC03632,SUCCESS,
2026-06-08 17:29:42,MAT828022N2D07690,SUCCESS,
2026-06-08 17:29:47,MAT828022N2D07772,SUCCESS,
2026-06-08 17:29:49,MAT828022N2D07784,SUCCESS,
2026-06-08 17:29:52,MAT829101T3D13998,SUCCESS,
2026-06-08 17:29:54,MAT829101T3D14044,SUCCESS,
2026-06-08 17:29:59,MAT829101T3E14465,SUCCESS,
2026-06-08 17:30:02,MAT843206R7P22554,SUCCESS,
2026-06-08 17:30:07,MAT843206R7P22555,SUCCESS,
2026-06-08 17:30:12,MAT843319T7E14237,SUCCESS,
2026-06-08 17:41:14,MAT513060T5E12605,SUCCESS,
2026-06-08 17:41:18,MAT557075TUC01929,SUCCESS,
2026-06-08 17:41:21,MAT558010TVD23268,SUCCESS,
2026-06-08 17:41:25,MAT563105T5B06177,SUCCESS,
2026-06-08 17:41:27,MAT563105T5C06801,SUCCESS,
2026-06-08 17:41:29,MAT566008S1C08638,SUCCESS,
2026-06-08 17:41:34,MAT805017TFC04170,SUCCESS,
2026-06-08 17:41:38,MAT805021TFD06111,SUCCESS,
2026-06-08 17:41:41,MAT805025TFE07132,SUCCESS,
2026-06-08 17:41:45,MAT805025TFE07190,SUCCESS,
2026-06-08 17:41:49,MAT817007T5E12638,SUCCESS,
2026-06-08 17:41:52,MAT817007TFE07007,SUCCESS,
2026-06-08 17:41:55,MAT820006P1A00655,SUCCESS,
2026-06-08 17:41:58,MAT828070S3D13304,SUCCESS,
2026-06-08 17:42:01,MAT828070S3D13306,SUCCESS,
2026-06-08 17:42:05,MAT828126TAA01711,SUCCESS,
2026-06-08 18:05:21,MAT503076N2D07269,SUCCESS,
2026-06-08 18:05:25,MAT503091R3D13199,SUCCESS,
2026-06-08 18:05:29,MAT503091RAD06135,SUCCESS,
2026-06-08 18:05:33,MAT513059T5D11273,SUCCESS,
2026-06-08 18:05:38,MAT513059T5D11274,SUCCESS,
2026-06-08 18:05:40,MAT513059T5D11277,SUCCESS,
2026-06-08 18:05:42,MAT513059T5D11282,SUCCESS,
2026-06-08 18:05:45,MAT513061TFD05456,SUCCESS,
2026-06-08 18:05:47,MAT513062TFA00568,SUCCESS,
2026-06-08 18:05:50,MAT513355T5B04730,SUCCESS,
2026-06-08 18:05:52,MAT513355TFE07008,SUCCESS,
2026-06-08 18:05:54,MAT513356T5A00228,SUCCESS,
2026-06-08 18:05:57,MAT513356T5B03880,SUCCESS,
2026-06-08 18:05:59,MAT555081T8C05320,SUCCESS,
2026-06-08 18:06:01,MAT557076TUD02162,SUCCESS,
2026-06-08 18:06:04,MAT557076TUE02994,SUCCESS,
2026-06-08 18:06:06,MAT557109TUC01768,SUCCESS,
2026-06-08 18:06:08,MAT557109TUC01770,SUCCESS,
2026-06-08 18:06:12,MAT557109TUC01778,SUCCESS,
2026-06-08 18:06:15,MAT557109TUC01918,SUCCESS,
2026-06-08 18:06:20,MAT557109TUC01992,SUCCESS,
2026-06-08 18:06:24,MAT558005RVC10433,SUCCESS,
2026-06-08 18:06:27,MAT558005TVD23146,SUCCESS,
2026-06-08 18:06:31,MAT558010TVD19546,SUCCESS,
2026-06-08 18:06:35,MAT558010TVD23887,SUCCESS,
2026-06-08 18:06:41,MAT558017TVD24413,SUCCESS,
2026-06-08 18:06:44,MAT558017TVD24481,SUCCESS,
2026-06-08 18:06:46,MAT558053TVD22465,SUCCESS,
2026-06-08 18:06:48,MAT558053TVD24876,SUCCESS,
2026-06-08 18:06:51,MAT558057TVA04304,SUCCESS,
2026-06-08 18:06:54,MAT558057TVC16331,SUCCESS,
2026-06-08 18:06:58,MAT558057TVE28526,SUCCESS,
2026-06-08 18:07:02,MAT566025S1E15120,SUCCESS,
2026-06-08 18:07:06,MAT566144T1C10276,SUCCESS,
2026-06-08 18:07:10,MAT566144T1C10402,SUCCESS,
2026-06-08 18:07:15,MAT566230T1B04351,SUCCESS,
2026-06-08 18:07:17,MAT566230T1C07952,SUCCESS,
2026-06-08 18:07:20,MAT566234T1D11173,SUCCESS,
2026-06-08 18:07:23,MAT566235T1D12794,SUCCESS,
2026-06-08 18:07:27,MAT566235T1E14249,SUCCESS,
2026-06-08 18:07:31,MAT566240T1D11202,SUCCESS,
2026-06-08 18:07:35,MAT767508T7C08571,SUCCESS,
2026-06-08 18:07:39,MAT767508T7C08710,SUCCESS,
2026-06-08 18:07:42,MAT775007N1C07838,SUCCESS,
2026-06-08 18:07:44,MAT784059S5G14107,SUCCESS,
2026-06-08 18:07:47,MAT784059T5A02590,SUCCESS,
2026-06-08 18:07:50,MAT784059TFD06291,SUCCESS,
2026-06-08 18:07:53,MAT784202TFA00485,SUCCESS,
2026-06-08 18:07:57,MAT784202TFA00596,SUCCESS,
2026-06-08 18:08:02,MAT784202TFB03273,SUCCESS,
2026-06-08 18:08:05,MAT784202TFB03387,SUCCESS,
2026-06-08 18:08:08,MAT784202TFB03390,SUCCESS,
2026-06-08 18:08:10,MAT785027P7G15103,SUCCESS,
2026-06-08 18:08:13,MAT785048S7B02501,SUCCESS,
2026-06-08 18:08:17,MAT785049S7B03111,SUCCESS,
2026-06-08 18:08:21,MAT785053T7C09087,SUCCESS,
2026-06-08 18:08:25,MAT785056T7D10697,SUCCESS,
2026-06-08 18:08:30,MAT785063T7D10919,SUCCESS,
2026-06-08 18:08:34,MAT790212N2D07597,SUCCESS,
2026-06-08 18:08:39,MAT792106R8E07285,SUCCESS,
2026-06-08 18:08:43,MAT793002M1D10638,SUCCESS,
2026-06-08 18:08:47,MAT793054T5C09727,SUCCESS,
2026-06-08 18:08:51,MAT793054T5D10449,SUCCESS,
2026-06-08 18:08:55,MAT797306T1D11946,SUCCESS,
2026-06-08 18:09:00,MAT798002M1K23206,SUCCESS,
2026-06-08 18:09:02,MAT804308N8E11321,SUCCESS,
2026-06-08 18:09:05,MAT805022TFD05935,SUCCESS,
2026-06-08 18:09:09,MAT805022TFD06123,SUCCESS,
2026-06-08 18:09:13,MAT805022TFD06124,SUCCESS,
2026-06-08 18:09:17,MAT805022TFD06136,SUCCESS,
2026-06-08 18:09:20,MAT805022TFE06576,SUCCESS,
2026-06-08 18:09:23,MAT805022TFE06583,SUCCESS,
2026-06-08 18:09:26,MAT805022TFE06846,SUCCESS,
2026-06-08 18:09:30,MAT805023RFD05460,SUCCESS,
2026-06-08 18:09:34,MAT805023TFE07118,SUCCESS,
2026-06-08 18:09:38,MAT805025TFA00304,SUCCESS,
2026-06-08 18:09:42,MAT805025TFA00324,SUCCESS,
2026-06-08 18:09:45,MAT805025TFB02315,SUCCESS,
2026-06-08 18:09:47,MAT810061T8D09951,SUCCESS,
2026-06-08 18:09:51,MAT817007T5D10341,SUCCESS,
2026-06-08 18:09:55,MAT817007T5E12822,SUCCESS,
2026-06-08 18:09:59,MAT817007TFA00072,SUCCESS,
2026-06-08 18:10:02,MAT817007TFA00176,SUCCESS,
2026-06-08 18:10:05,MAT817011SFG08888,SUCCESS,
2026-06-08 18:10:08,MAT828046R2E09604,SUCCESS,
2026-06-08 18:13:48,MAT558010TVA04131,FAILED,[Errno 22] Invalid argument
2026-06-08 18:15:23,MAT805021TFD05775,SUCCESS,
2026-06-08 18:15:25,MAT805021TFD05880,SUCCESS,
2026-06-08 18:15:27,MAT805021TFD05888,SUCCESS,
2026-06-08 18:15:28,MAT805021TFC04868,SUCCESS,
2026-06-08 18:15:30,MAT785060S7H15510,SUCCESS,
2026-06-08 18:15:32,MAT506513T8E10502,SUCCESS,
2026-06-08 18:15:33,MAT805021TFD05726,SUCCESS,
2026-06-08 18:15:35,MAT805021TFC04866,SUCCESS,
2026-06-08 18:15:37,MAT805020TFD06295,SUCCESS,
2026-06-08 18:15:38,MAT805021TFD05894,SUCCESS,
2026-06-08 18:15:40,MAT805021TFD05909,SUCCESS,
2026-06-08 18:15:42,MAT805021TFD05911,SUCCESS,
2026-06-08 18:15:43,MAT558010TVE26631,SUCCESS,
2026-06-08 18:15:45,MAT557072TUE03221,SUCCESS,
2026-06-08 18:15:46,MAT557072TUE03194,SUCCESS,
2026-06-08 18:15:48,MAT557076TUA00135,SUCCESS,
2026-06-08 18:15:50,MAT566139T1C08624,SUCCESS,
2026-06-08 18:15:51,MAT566139T1C09773,SUCCESS,
2026-06-08 18:15:53,MAT566139T1C09774,SUCCESS,
2026-06-08 18:15:55,MAT793004PMB00103,SUCCESS,
2026-06-08 18:15:56,MAT570025T1D13464,SUCCESS,
2026-06-08 18:15:58,MAT557072TUE03125,SUCCESS,
2026-06-08 18:16:00,MAT805025TFE06959,SUCCESS,
2026-06-08 18:16:01,MAT793002NMF00303,SUCCESS,
2026-06-08 18:16:03,MAT513059R5B04675,SUCCESS,
2026-06-08 18:16:05,MAT513061TFE06608,SUCCESS,
2026-06-08 18:16:06,MAT767507T7D10245,SUCCESS,
2026-06-08 18:16:08,MAT557072TUE03152,SUCCESS,
2026-06-08 18:16:10,MAT513059RFC04369,SUCCESS,
2026-06-08 18:16:11,MAT513059RFD05333,SUCCESS,
2026-06-08 18:16:13,MAT513059RFC05133,SUCCESS,
2026-06-08 18:16:15,MAT558053TVD21413,SUCCESS,
2026-06-08 18:16:16,MAT557076TUD02656,SUCCESS,
2026-06-08 18:16:18,MAT513062TFC04376,SUCCESS,
2026-06-08 18:16:20,MAT513062TFC04036,SUCCESS,
2026-06-08 18:16:22,MAT805023TFA00589,SUCCESS,
2026-06-08 18:16:23,MAT805023TFD05707,SUCCESS,
2026-06-08 18:16:25,MAT805023TFD05683,SUCCESS,
2026-06-08 18:16:26,MAT558010TVA00211,SUCCESS,
2026-06-08 18:16:28,MAT503091S3C08477,SUCCESS,
2026-06-08 18:16:30,MAT513356TFA00083,SUCCESS,
2026-06-08 18:16:32,MAT566010R1C06589,SUCCESS,
2026-06-08 18:16:33,MAT566023P1P36541,SUCCESS,
2026-06-08 18:16:35,MAT566010R1C06657,SUCCESS,
2026-06-08 18:16:37,MAT829101T3D13845,SUCCESS,
2026-06-08 18:16:39,MAT566025P1P36954,SUCCESS,
2026-06-08 18:16:41,MAT566007R1B03594,SUCCESS,
2026-06-08 18:16:42,MAT566007R1B04681,SUCCESS,
2026-06-08 18:16:44,MAT805023TFD05666,SUCCESS,
2026-06-08 18:16:46,MAT812073S5C05941,SUCCESS,
2026-06-08 18:16:47,MAT817007T5B05214,SUCCESS,
2026-06-08 18:16:49,MAT805023TFD05643,SUCCESS,
2026-06-08 18:16:51,MAT566025P1P36958,SUCCESS,
2026-06-08 18:16:52,MAT566025P1P36945,SUCCESS,
2026-06-08 18:16:54,MAT566025P1P36805,SUCCESS,
2026-06-08 18:16:55,MAT566025P1P36816,SUCCESS,
2026-06-08 18:16:58,MAT805023TFD05791,SUCCESS,
2026-06-08 18:16:59,MAT829101T3E14509,SUCCESS,
2026-06-08 18:17:01,MAT785060T7D11800,SUCCESS,
2026-06-08 18:17:03,MAT563005M7D09520,SUCCESS,
2026-06-08 18:17:04,MAT805023TFD05380,SUCCESS,
2026-06-08 18:17:06,MAT566025P1P36817,SUCCESS,
2026-06-08 18:17:08,MAT784059RFF09125,SUCCESS,
2026-06-08 18:17:09,MAT566007R1C06024,SUCCESS,
2026-06-08 18:17:11,MAT566010R1C06637,SUCCESS,
2026-06-08 18:17:12,MAT566025P1N34315,SUCCESS,
2026-06-08 18:17:14,MAT810030S8A01613,SUCCESS,
2026-06-08 18:17:16,MAT566007R1C05967,SUCCESS,
2026-06-08 18:17:17,MAT566010R1C06568,SUCCESS,
2026-06-08 18:17:19,MAT805023TFD05633,SUCCESS,
2026-06-08 18:17:20,MAT566025P1P36804,SUCCESS,
2026-06-08 18:17:22,MAT812073S5C05942,SUCCESS,
2026-06-08 18:17:24,MAT805025T5C08067,SUCCESS,
2026-06-08 18:17:25,MAT566241T1A01362,SUCCESS,
2026-06-08 18:17:27,MAT805023TFD05498,SUCCESS,
2026-06-08 18:17:29,MAT558005RVA01820,SUCCESS,
2026-06-08 18:17:30,MAT566025P1P36960,SUCCESS,
2026-06-08 18:17:32,MAT767250M7D10182,SUCCESS,
2026-06-08 18:17:33,MAT777032S1D12306,SUCCESS,
2026-06-08 18:17:35,MAT566025P1P36825,SUCCESS,
2026-06-08 18:17:36,MAT566023P1P36543,SUCCESS,
2026-06-08 18:17:38,MAT785063T7C09489,SUCCESS,
2026-06-08 18:17:40,MAT566025P1H24852,SUCCESS,
2026-06-08 18:17:41,MAT566025P1P35609,SUCCESS,
2026-06-08 18:17:43,MAT566007R1B04368,SUCCESS,
2026-06-08 18:17:45,MAT805025T5B06397,SUCCESS,
2026-06-08 18:17:46,MAT805023TFD05631,SUCCESS,
2026-06-08 18:17:48,MAT566010R1C06586,SUCCESS,
2026-06-08 18:17:49,MAT566025P1P36943,SUCCESS,
2026-06-08 18:17:51,MAT566007S1E14494,SUCCESS,
2026-06-08 18:17:52,MAT784059RFF09106,SUCCESS,
2026-06-08 18:17:54,MAT805023TFD05697,SUCCESS,
2026-06-08 18:17:56,MAT791210T5B06239,SUCCESS,
2026-06-08 18:17:57,MAT566007R1B03684,SUCCESS,
2026-06-08 18:17:59,MAT805023TFD05599,SUCCESS,
2026-06-08 18:18:01,MAT558053TVB12837,SUCCESS,
2026-06-08 18:18:02,MAT817007TFD05127,SUCCESS,
2026-06-08 18:18:04,MAT777032S1D11994,SUCCESS,
2026-06-08 18:18:05,MAT784059RFF09182,SUCCESS,
2026-06-08 18:18:07,MAT805023TFD05665,SUCCESS,
2026-06-08 18:18:09,MAT566007R1B04583,SUCCESS,
2026-06-08 18:18:11,MAT566025P1N34680,SUCCESS,
2026-06-08 18:18:12,MAT805023TFD05632,SUCCESS,
2026-06-08 18:18:14,MAT566025P1P36957,SUCCESS,
2026-06-08 18:18:16,MAT566025P1P35607,SUCCESS,
2026-06-08 18:18:17,MAT805023TFD05646,SUCCESS,
2026-06-08 18:18:19,MAT557076RUD01700,SUCCESS,
2026-06-08 18:18:20,MAT847013T7D11931,SUCCESS,
2026-06-08 18:18:22,MAT566007S1D13837,SUCCESS,
2026-06-08 18:18:24,MAT558010TVD19947,SUCCESS,
2026-06-08 18:18:26,MAT566025P1P36956,SUCCESS,
2026-06-08 18:18:27,MAT566007R1B03407,SUCCESS,
2026-06-08 18:18:29,MAT566025P1P35599,SUCCESS,
2026-06-08 18:18:30,MAT566010R1C06636,SUCCESS,
2026-06-08 18:18:32,MAT558010TVD19938,SUCCESS,
2026-06-08 18:18:34,MAT566025P1P36946,SUCCESS,
2026-06-08 18:18:35,MAT566025P1P36959,SUCCESS,
2026-06-08 18:18:37,MAT566025P1P36826,SUCCESS,
2026-06-08 18:18:39,MAT566025P1P36944,SUCCESS,
2026-06-08 18:18:40,MAT566010R1C06567,SUCCESS,
2026-06-08 18:18:42,MAT566025P1P35597,SUCCESS,
2026-06-08 18:18:43,MAT566007R1B04804,SUCCESS,
2026-06-08 18:18:45,MAT805023TFD05667,SUCCESS,
2026-06-08 18:18:47,MAT566010R1C06524,SUCCESS,
2026-06-08 18:18:48,MAT812073S5C05940,SUCCESS,
2026-06-08 18:18:50,MAT805023TFD05309,SUCCESS,
2026-06-08 18:18:51,MAT566007R1B03736,SUCCESS,
2026-06-08 18:18:53,MAT558010TVE26627,SUCCESS,
2026-06-08 18:18:55,MAT767508S7G13051,SUCCESS,
2026-06-08 18:18:56,MAT829101T3D13809,SUCCESS,
2026-06-08 18:18:58,MAT566010R1C06588,SUCCESS,
2026-06-08 18:18:59,MAT566010R1C06656,SUCCESS,
2026-06-08 18:19:01,MAT566023P1P36533,SUCCESS,
2026-06-08 18:19:03,MAT566025P1K31924,SUCCESS,
2026-06-08 18:19:05,MAT829101T3E14495,SUCCESS,
2026-06-08 18:19:06,MAT829101T3D13800,SUCCESS,
2026-06-08 18:19:08,MAT805022TFE06846,SUCCESS,
2026-06-08 18:19:09,MAT797306T1D11946,SUCCESS,
2026-06-08 18:19:11,MAT775007N1C07838,SUCCESS,
2026-06-08 18:19:13,MAT785049S7B03111,SUCCESS,
2026-06-08 18:19:14,MAT771074TMA00080,SUCCESS,
2026-06-08 18:19:16,MAT771074TMA00081,SUCCESS,
2026-06-08 18:19:18,MAT558010TVE27195,SUCCESS,
2026-06-08 18:19:19,MAT785049R7P22550,SUCCESS,
2026-06-08 18:19:21,MAT771074TMA00079,SUCCESS,
2026-06-08 18:19:23,MAT785063T7D10919,SUCCESS,
2026-06-08 18:19:24,MAT558053TVD24876,SUCCESS,
2026-06-08 18:19:26,MAT558005TVD23146,SUCCESS,
2026-06-08 18:19:27,MAT805022TFD06123,SUCCESS,
2026-06-08 18:19:29,MAT785074T7E12692,SUCCESS,
2026-06-08 18:19:31,MAT805022TFE06604,SUCCESS,
2026-06-08 18:19:32,MAT805022TFE06599,SUCCESS,
2026-06-08 18:19:35,MAT817007T5E12822,SUCCESS,
2026-06-08 18:19:36,MAT555063S8D07593,SUCCESS,
2026-06-08 18:19:38,MAT805022TFE06583,SUCCESS,
2026-06-08 18:19:40,MAT744024S3E15889,SUCCESS,
2026-06-08 19:58:54,MAT500052T1D12855,SUCCESS,
2026-06-08 19:59:04,MAT500056T1D11384,SUCCESS,
2026-06-08 19:59:16,MAT558005TVE25867,SUCCESS,
2026-06-08 19:59:19,MAT558010TVC17829,SUCCESS,
2026-06-08 19:59:22,MAT558010TVD21870,SUCCESS,
2026-06-08 19:59:26,MAT558017TVD20130,SUCCESS,
2026-06-08 19:59:32,MAT558053SVP42353,SUCCESS,
2026-06-08 19:59:37,MAT558053TVC18719,SUCCESS,
2026-06-08 19:59:42,MAT563060N5A01557,SUCCESS,
2026-06-08 19:59:46,MAT565052T5C07909,SUCCESS,
2026-06-08 19:59:50,MAT566006P3D11387,SUCCESS,
2026-06-08 19:59:54,MAT566010R1D11157,SUCCESS,
2026-06-08 19:59:59,MAT566154T3E14288,SUCCESS,
2026-06-08 20:00:04,MAT566235T1D12656,SUCCESS,
2026-06-08 20:00:08,MAT569059TAE14616,SUCCESS,
2026-06-08 20:00:21,MAT784062TFE06796,SUCCESS,
2026-06-08 20:00:27,MAT784062TFE06797,SUCCESS,
2026-06-08 20:00:32,MAT785042R7D06528,SUCCESS,
2026-06-08 20:00:37,MAT793008N1E16510,SUCCESS,
2026-06-08 20:00:42,MAT805021TFE06645,SUCCESS,
2026-06-08 20:00:47,MAT805023TFA01501,SUCCESS,
2026-06-08 20:00:52,MAT805023TFA01528,SUCCESS,
2026-06-08 20:00:58,MAT805023TFB02449,SUCCESS,
2026-06-08 20:01:02,MAT805023TFE07488,SUCCESS,
2026-06-08 20:01:08,MAT805023TFE07491,SUCCESS,
2026-06-08 20:01:14,MAT805025TFD05475,SUCCESS,
2026-06-08 20:01:20,MAT805026SFP12285,SUCCESS,
2026-06-08 20:01:26,MAT810016N8E10663,SUCCESS,
2026-06-08 20:01:30,MAT810103T8D08836,SUCCESS,
2026-06-08 20:01:35,MAT812028M5H11206,SUCCESS,
2026-06-08 20:01:38,MAT817007T5D10341,SUCCESS,
2026-06-08 20:01:45,MAT817007T5D10800,SUCCESS,
2026-06-08 20:01:47,MAT817007T5E12822,SUCCESS,
2026-06-08 20:01:53,MAT817007TFA00072,SUCCESS,
2026-06-08 20:01:56,MAT817007TFA00176,SUCCESS,
2026-06-08 20:02:03,MAT817011SFG08888,SUCCESS,
2026-06-08 20:02:11,MAT820006M1G14858,SUCCESS,
2026-06-08 20:02:13,MAT828046R2E09604,SUCCESS,
2026-06-08 20:02:19,MAT828048S3C09932,SUCCESS,
2026-06-08 20:02:23,MAT828126T2D12293,SUCCESS,
2026-06-08 20:02:28,MAT828126T2D12532,SUCCESS,
2026-06-08 20:02:32,MAT828126T2D12587,SUCCESS,
2026-06-08 20:02:37,MAT828128TAC09785,SUCCESS,
2026-06-08 20:02:41,MAT828128TAC10270,SUCCESS,
2026-06-08 20:02:47,MAT828128TAD10980,SUCCESS,
2026-06-08 20:02:51,MAT835301P2E13717,SUCCESS,
2026-06-08 20:02:55,MAT835301P2P32252,SUCCESS,
2026-06-08 20:03:00,MAT837016T2C09293,SUCCESS,
2026-06-08 20:03:05,MAT843201R7D07227,SUCCESS,
2026-06-08 20:03:13,MAT843204S5C06859,SUCCESS,
2026-06-08 20:03:17,MAT843234T5C09642,SUCCESS,
2026-06-08 20:03:21,MAT843327T7E13095,SUCCESS,
2026-06-08 20:03:26,MAT843327T7E13097,SUCCESS,
2026-06-08 20:03:30,MAT843327T7E13117,SUCCESS,
2026-06-08 20:03:33,MAT843327T7E13185,SUCCESS,
2026-06-08 20:03:36,MAT847019T7D11774,SUCCESS,
2026-06-08 20:03:40,MAT847022T7C06527,SUCCESS,
2026-06-08 20:03:44,MAT847022T7C07834,SUCCESS,
2026-06-08 20:03:53,MAT847022T7C09487,SUCCESS,
2026-06-08 20:17:37,MAT563010M7C06593,SUCCESS,
2026-06-08 20:17:41,MAT828050R3D13057,SUCCESS,
2026-06-08 20:17:46,MAT843329S7J18098,SUCCESS,
2026-06-08 20:47:26,MAT506513T8E10310,SUCCESS,
2026-06-08 20:47:29,MAT555313T8E10052,SUCCESS,
2026-06-08 20:47:31,MAT557072TUD02159,SUCCESS,
2026-06-08 20:47:33,MAT558010TVA04131,SUCCESS,
2026-06-08 20:47:36,MAT558053TVA06739,SUCCESS,
2026-06-08 20:47:39,MAT558053TVC13606,SUCCESS,
2026-06-08 20:47:41,MAT558053TVD25104,SUCCESS,
2026-06-08 20:47:44,MAT566013P1E13166,SUCCESS,
2026-06-08 20:47:47,MAT566013P1N34360,SUCCESS,
2026-06-08 20:47:51,MAT566013R1D10734,SUCCESS,
2026-06-08 20:47:54,MAT566013S1D13055,SUCCESS,
2026-06-08 20:47:58,MAT570017R1D11620,SUCCESS,
2026-06-08 20:48:01,MAT767350S7H15009,SUCCESS,
2026-06-08 20:48:03,MAT777013M3N26413,SUCCESS,
2026-06-08 20:48:07,MAT783009L1N08810,SUCCESS,
2026-06-08 20:48:11,MAT785005N7D09252,SUCCESS,
2026-06-08 20:48:15,MAT785051S7C05991,SUCCESS,
2026-06-08 20:48:49,MAT790204M2G10092,FAILED,"HTTPConnectionPool(host='atcu-data.accoladeelectronics.com', port=6101): Read timed out. (read timeout=30)"
2026-06-08 20:49:11,MAT792185T8B04795,SUCCESS,
2026-06-08 20:49:16,MAT793004N1D13759,SUCCESS,
2026-06-08 20:49:23,MAT796002N5D07219,SUCCESS,
2026-06-08 20:49:30,MAT797305S1N33108,SUCCESS,
2026-06-08 20:49:53,MAT804055T8E11251,FAILED,"('Connection aborted.', RemoteDisconnected('Remote end closed connection without response'))"
2026-06-08 20:49:58,MAT808019P1A02200,SUCCESS,
2026-06-08 20:50:01,MAT808020N3D12854,SUCCESS,
2026-06-08 20:50:05,MAT810026R8E07694,SUCCESS,
2026-06-08 20:50:07,MAT810027S8A01902,SUCCESS,
2026-06-08 20:50:10,MAT810029S8B02372,SUCCESS,
2026-06-08 20:50:13,MAT810057T8C06727,SUCCESS,
2026-06-08 20:50:17,MAT810057T8C06795,SUCCESS,
2026-06-08 20:50:20,MAT810057T8C06838,SUCCESS,
2026-06-08 20:50:24,MAT810057T8C07056,SUCCESS,
2026-06-08 20:50:28,MAT810061T8E10315,SUCCESS,
2026-06-08 20:50:32,MAT810062T8A02306,SUCCESS,
2026-06-08 20:50:36,MAT810062T8C05209,SUCCESS,
2026-06-08 20:50:38,MAT810069T8C06896,SUCCESS,
2026-06-08 20:50:42,MAT810069T8E10845,SUCCESS,
2026-06-08 20:50:46,MAT810070T8E10758,SUCCESS,
2026-06-08 20:50:50,MAT812025N5A00659,SUCCESS,
2026-06-08 20:50:55,MAT812068RAD05900,SUCCESS,
2026-06-08 20:50:58,MAT812069RAD06781,SUCCESS,
2026-06-08 20:51:02,MAT812096T5D11354,SUCCESS,
2026-06-08 20:51:06,MAT812096T5D11355,SUCCESS,
2026-06-08 20:51:10,MAT820003M1E11657,SUCCESS,
2026-06-08 20:51:16,MAT820003M1N26148,SUCCESS,
2026-06-08 20:51:22,MAT820003N1B05156,SUCCESS,
2026-06-08 20:51:28,MAT820006N1B05711,SUCCESS,
2026-06-08 20:51:32,MAT820006N1D12722,SUCCESS,
2026-06-08 20:51:36,MAT820006N1K30041,SUCCESS,
2026-06-08 20:51:40,MAT828025PAC04624,SUCCESS,
2026-06-08 20:51:44,MAT828032NAC03266,SUCCESS,
2026-06-08 20:51:48,MAT843207R7C04991,SUCCESS,
2026-06-08 20:51:52,MAT843234S5P24446,SUCCESS,
2026-06-08 21:07:52,MAT790204M2G10092,SUCCESS,
2026-06-08 21:08:17,MAT804055T8E11251,SUCCESS,
